<?xml version="1.0" encoding="UTF-8"?><?xml-stylesheet type='text/xsl' href='_UpgradeReport_Files/UpgradeReport.xslt'?><UpgradeLog>
<Properties><Property Name="Solution" Value="GraphLib">
</Property><Property Name="Solution File" Value="C:\Documents and Settings\Administrator\Desktop\Launch_Control\GraphLib\GraphLib.sln">
</Property><Property Name="Date" Value="Tuesday, August 28, 2012">
</Property><Property Name="Time" Value="9:12 AM">
</Property></Properties><Event ErrorLevel="0" Project="GraphLib" Source="GraphLib.csproj" Description="The project file does not require conversion.">
</Event><Event ErrorLevel="3" Project="GraphLib" Source="GraphLib.csproj" Description="No Conversion Required">
</Event><Event ErrorLevel="0" Project="" Source="GraphLib.sln" Description="Solution converted successfully">
</Event><Event ErrorLevel="3" Project="" Source="GraphLib.sln" Description="Converted">
</Event></UpgradeLog>